term,freq
lap_en,0.0009017132551848512
todays,0.027953110910730387
msgs,0.009017132551848512
150ppermesssubscription,0.004508566275924256
four,0.0018034265103697023
woods,0.0018034265103697023
asian,0.0018034265103697023
165,0.0009017132551848512
0796xxxxxx,0.0018034265103697023
spjanuary,0.0018034265103697023
08717898035,0.004508566275924256
aud,0.0009017132551848512
paris,0.004508566275924256
swat,0.0009017132551848512
invaders,0.0018034265103697023
aut,0.0009017132551848512
lord,0.0009017132551848512
rp176781,0.0018034265103697023
worth,0.019837691614066726
started,0.0009017132551848512
eire,0.002705139765554554
61200,0.0018034265103697023
aoole,0.0009017132551848512
08714712394,0.0018034265103697023
activation,0.0009017132551848512
chik,0.0009017132551848512
stolen,0.0009017132551848512
every,0.046889089269612265
08704050406,0.0018034265103697023
12hrs,0.029756537421100092
bringing,0.0009017132551848512
tickets,0.0036068530207394047
prize,0.14337240757439135
skills,0.0009017132551848512
companies,0.0009017132551848512
upload,0.0018034265103697023
69888,0.0018034265103697023
unauthorised,0.0009017132551848512
9pm,0.002705139765554554
enjoy,0.010820559062218215
10k,0.004508566275924256
09099726481,0.0018034265103697023
3680,0.0018034265103697023
specially,0.014427412082957619
enti,0.0009017132551848512
phones,0.011722272317403066
clubmoby,0.0018034265103697023
direct,0.010820559062218215
horo,0.0009017132551848512
street,0.0036068530207394047
txtno,0.002705139765554554
ill,0.0009017132551848512
10p,0.031559963931469794
goto,0.009017132551848512
even,0.009017132551848512
textoperator,0.002705139765554554
hide,0.0009017132551848512
text82228,0.0009017132551848512
selected,0.04147880973850315
08702840625,0.005410279531109108
new,0.0793507664562669
net,0.023444544634806132
ever,0.0036068530207394047
med,0.0036068530207394047
meg,0.0018034265103697023
whose,0.0018034265103697023
never,0.0009017132551848512
mei,0.0009017132551848512
y87,0.0018034265103697023
met,0.0018034265103697023
verifyapple,0.0009017132551848512
active,0.002705139765554554
08718711108,0.0009017132551848512
100,0.060414788097385035
087187262701,0.004508566275924256
films,0.0018034265103697023
digits,0.0018034265103697023
w111wx,0.005410279531109108
08448350055,0.0009017132551848512
auction,0.010820559062218215
items,0.0009017132551848512
84128,0.005410279531109108
changed,0.0009017132551848512
eastenders,0.0018034265103697023
7zs,0.0009017132551848512
jamz,0.0009017132551848512
itunes,0.0018034265103697023
credit,0.011722272317403066
callcost150ppmmobilesvary,0.0018034265103697023
menu,0.0009017132551848512
subpoly,0.0036068530207394047
00euro,0.0009017132551848512
iyzl3043uay,0.0009017132551848512
munsters,0.002705139765554554
txn,0.0009017132551848512
fantastic,0.010820559062218215
secure,0.005410279531109108
search,0.0018034265103697023
brought,0.0018034265103697023
mtmsg18,0.004508566275924256
09061743810,0.0018034265103697023
txt,0.19296663660955815
6465830596,0.0009017132551848512
would,0.004508566275924256
ec2a,0.0063119927862939585
browse,0.0009017132551848512
myr4399,0.0009017132551848512
hungry,0.0009017132551848512
3lp,0.004508566275924256
call,0.43462578899909826
phstop,0.0009017132551848512
07880867867,0.0009017132551848512
preview,0.0036068530207394047
08709501522,0.0018034265103697023
tell,0.015329125338142471
1000,0.06402164111812443
brings,0.0009017132551848512
expressoffer,0.002705139765554554
wml,0.0018034265103697023
hols,0.002705139765554554
yahoo,0.002705139765554554
award,0.033363390441839495
phone,0.05320108205590622
warm,0.0018034265103697023
adult,0.0036068530207394047
sorry,0.002705139765554554
must,0.007213706041478809
08717507382,0.0009017132551848512
join,0.019837691614066726
work,0.004508566275924256
cm2,0.0036068530207394047
csbcm4235wc1n3xx,0.005410279531109108
tnc,0.0036068530207394047
henry,0.0009017132551848512
02085076972,0.0009017132551848512
m26,0.004508566275924256
drvgsto,0.0009017132551848512
give,0.009918845807033363
1win150ppmx3,0.002705139765554554
india,0.002705139765554554
cleanbeautytalk,0.0009017132551848512
etlp,0.0018034265103697023
want,0.0351668169522092
08708800282,0.0018034265103697023
la1,0.0018034265103697023
la3,0.0018034265103697023
str8,0.0009017132551848512
!!!,0.004508566275924256
eng,0.005410279531109108
verify,0.007213706041478809
travel,0.002705139765554554
hot,0.016230838593327322
08719180219,0.0009017132551848512
answer,0.009918845807033363
08002988890,0.0018034265103697023
panasonic,0.0009017132551848512
pobox1,0.0009017132551848512
pizza,0.0009017132551848512
mobilesvary,0.0036068530207394047
1172,0.0009017132551848512
haven,0.0009017132551848512
videophones,0.004508566275924256
adrian,0.0009017132551848512
loyalty,0.009017132551848512
wan2,0.0018034265103697023
plyr,0.0009017132551848512
president,0.0018034265103697023
07781482378,0.002705139765554554
50pm,0.0018034265103697023
4goten,0.0009017132551848512
purchase,0.002705139765554554
attempt,0.0351668169522092
|..,|,0.0009017132551848512
wins,0.0018034265103697023
homeowners,0.0036068530207394047
age16,0.014427412082957619
greet,0.0018034265103697023
ls15hb,0.0018034265103697023
nabmobile,0.002705139765554554
tulip,0.0018034265103697023
green,0.0009017132551848512
ultimate,0.0018034265103697023
areyouunique,0.0009017132551848512
enter,0.015329125338142471
20m12aq,0.0018034265103697023
order,0.015329125338142471
samsungzoneuk,0.0009017132551848512
fifa,0.0018034265103697023
89545,0.004508566275924256
wc1n,0.0009017132551848512
zed,0.005410279531109108
deck,0.0018034265103697023
dirtiest,0.0009017132551848512
fall,0.0009017132551848512
vary,0.007213706041478809
kickoff,0.0018034265103697023
deducted,0.0009017132551848512
barclays,0.0009017132551848512
london,0.0063119927862939585
pokecoins,0.0009017132551848512
40411,0.0009017132551848512
82050,0.002705139765554554
nett,0.0009017132551848512
vifppoints,0.0009017132551848512
87575,0.004508566275924256
scoring,0.002705139765554554
fit,0.0009017132551848512
personal,0.0036068530207394047
max10mins,0.008115419296663661
better,0.0009017132551848512
bcmsfwc1n3xx,0.0009017132551848512
2morow,0.0009017132551848512
condition,0.0009017132551848512
400,0.009017132551848512
09095350301,0.0009017132551848512
wales,0.0009017132551848512
weeks,0.013525698827772768
nokia6600,0.002705139765554554
shag,0.0009017132551848512
eurodisinc,0.002705139765554554
vouchers,0.032461677186654644
break,0.007213706041478809
band,0.0009017132551848512
2channel,0.0009017132551848512
0844,0.0018034265103697023
0845,0.002705139765554554
69969,0.0009017132551848512
08714712412,0.0018034265103697023
echo,0.0009017132551848512
rental,0.011722272317403066
cnupdates,0.0018034265103697023
f4q,0.0009017132551848512
mk45,0.0018034265103697023
netherlands,0.0009017132551848512
dload,0.004508566275924256
notified,0.0018034265103697023
lucy,0.0018034265103697023
detroit,0.0009017132551848512
arrow,0.0018034265103697023
movistar,0.0009017132551848512
373,0.0036068530207394047
meal,0.0018034265103697023
luck,0.008115419296663661
gprs,0.0009017132551848512
450pw,0.0009017132551848512
24m,0.0009017132551848512
08714712388,0.0009017132551848512
08000407165,0.0036068530207394047
spider,0.0018034265103697023
january,0.0009017132551848512
pbx,0.0009017132551848512
contracting,0.0009017132551848512
03303800231,0.0018034265103697023
2day,0.005410279531109108
logo,0.005410279531109108
ring,0.005410279531109108
2309,0.0018034265103697023
goo,0.0018034265103697023
network,0.030658250676284943
driving,0.0009017132551848512
open,0.0009017132551848512
oakleyoutletsco,0.0009017132551848512
help08714742804,0.0018034265103697023
mandy,0.0018034265103697023
tomorrow,0.011722272317403066
content,0.015329125338142471
ntwk,0.0036068530207394047
laid,0.005410279531109108
09061701851,0.0018034265103697023
surprise,0.007213706041478809
akon,0.0009017132551848512
cibc,0.0009017132551848512
web2mobile,0.0018034265103697023
dracula,0.002705139765554554
ntt,0.010820559062218215
free,0.20018034265103696
standard,0.009918845807033363
golddigger,0.0009017132551848512
hv9d,0.0009017132551848512
wanted,0.0009017132551848512
32000,0.0018034265103697023
88039,0.007213706041478809
trebles,0.0009017132551848512
maniac,0.0009017132551848512
starts,0.005410279531109108
atm,0.005410279531109108
messages,0.015329125338142471
days,0.014427412082957619
81618,0.0036068530207394047
pence,0.002705139765554554
lyricalladie,0.0009017132551848512
kingdom,0.0009017132551848512
onto,0.009918845807033363
69988,0.0009017132551848512
purpose,0.004508566275924256
shinco,0.0009017132551848512
already,0.0036068530207394047
features,0.0018034265103697023
render,0.0009017132551848512
psychic,0.0009017132551848512
fantasy,0.0063119927862939585
kfc,0.0009017132551848512
another,0.0036068530207394047
177,0.002705139765554554
tel,0.0009017132551848512
widelive,0.0018034265103697023
activ8,0.0009017132551848512
anyone,0.0009017132551848512
service,0.059513074842200184
top,0.020739404869251576
girls,0.005410279531109108
fml,0.0018034265103697023
09064015307,0.0009017132551848512
confirming,0.0009017132551848512
rates,0.012623985572587917
or2stoptxt,0.002705139765554554
euro,0.004508566275924256
dogs,0.0018034265103697023
02072069400,0.0018034265103697023
txt43,0.0009017132551848512
update_now,0.0018034265103697023
7ws,0.0018034265103697023
o2fwd,0.0018034265103697023
07786200117,0.002705139765554554
helen,0.0009017132551848512
kept,0.002705139765554554
servs,0.0018034265103697023
termsapply,0.0009017132551848512
keyword,0.0009017132551848512
exorcist,0.002705139765554554
shsex,0.0009017132551848512
disk60,0.0009017132551848512
10th,0.0018034265103697023
mini,0.0018034265103697023
sexychat,0.0009017132551848512
mind,0.0018034265103697023
09061749602,0.0018034265103697023
09061209465,0.002705139765554554
9755,0.0018034265103697023
08006344447,0.002705139765554554
seem,0.0009017132551848512
mins,0.04328223624887286
tells,0.0036068530207394047
9758,0.0018034265103697023
forced,0.0009017132551848512
genuine,0.0036068530207394047
responsible,0.0009017132551848512
netbank,0.0009017132551848512
hoody,0.0009017132551848512
ringtoneking,0.0018034265103697023
luxury,0.0036068530207394047
minmobsmore,0.0018034265103697023
unsecured,0.0009017132551848512
blue,0.0009017132551848512
449050000301,0.0018034265103697023
08709222922,0.002705139765554554
though,0.0009017132551848512
0870753331018,0.0009017132551848512
sue,0.0009017132551848512
doit,0.0018034265103697023
09063458130,0.002705139765554554
regular,0.0009017132551848512
germany,0.002705139765554554
icloud,0.002705139765554554
mobs,0.0009017132551848512
blacklist,0.0009017132551848512
800,0.027953110910730387
released,0.0009017132551848512
dob,0.0009017132551848512
marsms,0.0009017132551848512
max6,0.0009017132551848512
xafter,0.0009017132551848512
41685,0.002705139765554554
points,0.016230838593327322
textcomp,0.005410279531109108
klia2,0.0018034265103697023
rupees,0.0009017132551848512
84484,0.0009017132551848512
83600,0.007213706041478809
incomplete,0.0018034265103697023
marvel,0.0018034265103697023
1146,0.0009017132551848512
contacted,0.004508566275924256
ringtones,0.009918845807033363
random,0.0009017132551848512
httpillow,0.0009017132551848512
ending,0.012623985572587917
win150ppmx3age16,0.0018034265103697023
gigolo,0.0009017132551848512
radio,0.0009017132551848512
enjoyed,0.002705139765554554
xxxmobilemovieclub,0.0018034265103697023
07090201529,0.0009017132551848512
busy,0.0036068530207394047
wtlp,0.0018034265103697023
weekends,0.009017132551848512
hrs,0.0009017132551848512
mens,0.0009017132551848512
542,0.0036068530207394047
mtmsgrcvd18,0.007213706041478809
smscaster,0.0009017132551848512
deepest,0.0009017132551848512
folks,0.0009017132551848512
83049,0.0018034265103697023
83738,0.0018034265103697023
sunglasses,0.0009017132551848512
89555,0.002705139765554554
0871277810810,0.002705139765554554
stop,0.12714156898106402
preferred,0.0009017132551848512
avble,0.0009017132551848512
1627,0.0009017132551848512
wedding,0.0009017132551848512
10ppm,0.0036068530207394047
nasty,0.0009017132551848512
tips,0.0009017132551848512
08712402779,0.0018034265103697023
bad,0.0009017132551848512
7684,0.0018034265103697023
respond,0.002705139765554554
disaster,0.0018034265103697023
reference,0.0036068530207394047
tattoos,0.0009017132551848512
07734396839,0.002705139765554554
08125000070,0.0009017132551848512
50award,0.0018034265103697023
recieve,0.0009017132551848512
08718727868,0.002705139765554554
becausethey,0.0009017132551848512
best,0.010820559062218215
subject,0.0009017132551848512
pete,0.0009017132551848512
draws,0.0018034265103697023
lots,0.002705139765554554
lotr,0.0009017132551848512
away,0.008115419296663661
2optout,0.007213706041478809
compensation,0.0018034265103697023
freeappleiphone,0.0009017132551848512
sugababes,0.0009017132551848512
80122300p,0.0018034265103697023
unable,0.004508566275924256
olympics,0.0018034265103697023
2morro,0.0018034265103697023
ringtoneÂ,0.0009017132551848512
09064012160,0.0036068530207394047
84122,0.0018034265103697023
men,0.0018034265103697023
terms,0.009017132551848512
nationwide,0.0018034265103697023
however,0.0009017132551848512
88600,0.0036068530207394047
lazo,0.0009017132551848512
80182,0.002705139765554554
news,0.009918845807033363
textpod,0.0036068530207394047
xchat,0.004508566275924256
received,0.0036068530207394047
accident,0.0036068530207394047
receivea,0.002705139765554554
unicef,0.0018034265103697023
country,0.0063119927862939585
bray,0.002705139765554554
readers,0.0018034265103697023
macedonia,0.0009017132551848512
amazing,0.002705139765554554
09065394514,0.0009017132551848512
mobcudb,0.0018034265103697023
games,0.014427412082957619
cod,0.0009017132551848512
4403ldnw1a7rw18,0.002705139765554554
morefrmmob,0.002705139765554554
login,0.011722272317403066
com,0.09287646528403967
ctxt,0.0036068530207394047
30th,0.0009017132551848512
movietrivia,0.0036068530207394047
tone,0.04508566275924256
20p,0.008115419296663661
sullivan,0.0018034265103697023
3750,0.0018034265103697023
pppleid,0.0009017132551848512
2nd,0.0351668169522092
tons,0.0009017132551848512
21870000,0.0018034265103697023
sk38xh,0.009918845807033363
blonde,0.002705139765554554
08712404000,0.0018034265103697023
speak,0.015329125338142471
appsalti,0.0009017132551848512
08712400200,0.0009017132551848512
chloe,0.0009017132551848512
billing,0.0018034265103697023
basis,0.0009017132551848512
callfreefone,0.002705139765554554
fri,0.002705139765554554
69698,0.0009017132551848512
08707500020,0.0009017132551848512
beneficiary,0.0009017132551848512
much,0.0018034265103697023
importnat,0.0009017132551848512
stadium,0.0009017132551848512
entered,0.008115419296663661
dozens,0.0009017132551848512
now1,0.0018034265103697023
hmrc,0.002705139765554554
7732584351,0.0018034265103697023
life,0.0036068530207394047
premier,0.0018034265103697023
sunshine,0.010820559062218215
rm265,0.0009017132551848512
dave,0.0036068530207394047
169,0.002705139765554554
child,0.0009017132551848512
80488,0.004508566275924256
25p,0.008115419296663661
bridal,0.0009017132551848512
150pw,0.0009017132551848512
scotsman,0.002705139765554554
reinstate,0.0009017132551848512
mymoby,0.0018034265103697023
09058091854,0.0018034265103697023
2wks,0.0009017132551848512
dept,0.0009017132551848512
slo,0.0009017132551848512
balance,0.016230838593327322
50ppm,0.0018034265103697023
launched,0.0009017132551848512
mistake,0.0009017132551848512
42810,0.0009017132551848512
a21,0.0018034265103697023
09061744553,0.0018034265103697023
congratulation,0.0009017132551848512
played,0.002705139765554554
078,0.0009017132551848512
40gb,0.010820559062218215
0906767,0.0009017132551848512
player,0.018034265103697024
cant,0.0036068530207394047
datebox1282essexcm61xn,0.0018034265103697023
2rcv,0.0018034265103697023
cnl,0.0009017132551848512
09058091870,0.0009017132551848512
cc100p,0.0009017132551848512
perform,0.0018034265103697023
things,0.0018034265103697023
make,0.012623985572587917
83021,0.0018034265103697023
tgxxrz,0.0018034265103697023
087104711148,0.0018034265103697023
penuh,0.0009017132551848512
4fil,0.0018034265103697023
entitled,0.009017132551848512
clicking,0.0009017132551848512
splashmobile,0.0009017132551848512
08167340838,0.0009017132551848512
08718727870150ppm,0.0009017132551848512
pick,0.0018034265103697023
d3wv,0.0018034265103697023
30apr,0.0009017132551848512
08704439680,0.0009017132551848512
ppm150,0.0018034265103697023
bloomberg,0.0018034265103697023
w1jhl,0.004508566275924256
bequest,0.0009017132551848512
tune,0.0018034265103697023
zoe,0.0009017132551848512
shortly,0.002705139765554554
1976,0.0009017132551848512
congrats,0.009017132551848512
redeem,0.0009017132551848512
options,0.0009017132551848512
contact,0.08385933273219116
claims,0.004508566275924256
1million,0.0018034265103697023
left,0.0018034265103697023
opinions,0.0009017132551848512
bellow,0.0009017132551848512
08701752560,0.0009017132551848512
09066364311,0.002705139765554554
photo,0.002705139765554554
41782,0.0009017132551848512
assigned,0.0009017132551848512
thanks,0.02254283137962128
87121,0.004508566275924256
yes,0.026149684400360685
yer,0.005410279531109108
yet,0.002705139765554554
previous,0.0009017132551848512
unique,0.0018034265103697023
netcollex,0.0036068530207394047
royal,0.0018034265103697023
8wp,0.004508566275924256
animation,0.0009017132551848512
teenager,0.0009017132551848512
easy,0.020739404869251576
save,0.0036068530207394047
opt,0.023444544634806132
breaks,0.0009017132551848512
possible,0.0009017132551848512
twinks,0.0009017132551848512
discreet,0.0018034265103697023
aford,0.0009017132551848512
burns,0.0009017132551848512
wellsfargo,0.0009017132551848512
r20k,0.0009017132551848512
gift,0.029756537421100092
virgins,0.0018034265103697023
footy,0.0009017132551848512
08717895698,0.0009017132551848512
3030,0.013525698827772768
wkly,0.019837691614066726
32323,0.0009017132551848512
owjy,0.0009017132551848512
62468,0.0063119927862939585
steps,0.0009017132551848512
4info,0.0036068530207394047
night,0.005410279531109108
2wt,0.0018034265103697023
security,0.005410279531109108
9280114,0.0009017132551848512
www,0.1442741208295762
right,0.0036068530207394047
old,0.0018034265103697023
people,0.004508566275924256
euro2004,0.005410279531109108
usher,0.0018034265103697023
robertdep34,0.0009017132551848512
dear,0.029756537421100092
8mju,0.0009017132551848512
9996,0.0009017132551848512
08718725756,0.0018034265103697023
toxic,0.0009017132551848512
notification,0.0009017132551848512
months,0.002705139765554554
daytime,0.0018034265103697023
shahrin,0.0009017132551848512
christmas,0.0009017132551848512
booking,0.0009017132551848512
pls,0.017132551848512173
posh,0.0009017132551848512
m227xy,0.002705139765554554
marketing,0.0018034265103697023
corn,0.0018034265103697023
08718727870,0.005410279531109108
discount,0.012623985572587917
club4,0.0009017132551848512
polyph,0.002705139765554554
post,0.004508566275924256
super,0.0036068530207394047
asjesus,0.0009017132551848512
201718,0.0009017132551848512
subs16,0.002705139765554554
89123,0.0009017132551848512
valentines,0.0036068530207394047
7548,0.0009017132551848512
plus,0.0063119927862939585
banker,0.0009017132551848512
done,0.005410279531109108
islands,0.0036068530207394047
hlp,0.0018034265103697023
sept,0.004508566275924256
xxsp,0.0009017132551848512
tonights,0.002705139765554554
facetime,0.0009017132551848512
farrell,0.0009017132551848512
whats,0.0018034265103697023
subs,0.0036068530207394047
presence,0.0009017132551848512
xyz,0.0018034265103697023
sol,0.009918845807033363
ppm,0.007213706041478809
two,0.0009017132551848512
69696,0.0036068530207394047
s89,0.0018034265103697023
0870737910216yrs,0.0018034265103697023
1327,0.0063119927862939585
wan,0.002705139765554554
c52,0.0036068530207394047
4742,0.004508566275924256
support,0.0063119927862939585
voda,0.008115419296663661
08718726270,0.0018034265103697023
class,0.0009017132551848512
virgin,0.0018034265103697023
2lands,0.017132551848512173
way,0.0018034265103697023
jane,0.0018034265103697023
music,0.027953110910730387
wat,0.002705139765554554
08712400603,0.0009017132551848512
leading,0.0009017132551848512
1winawk,0.0018034265103697023
b4280703,0.002705139765554554
caii0327884425,0.0009017132551848512
form,0.0009017132551848512
offer,0.034265103697024346
09050003091,0.0036068530207394047
6wu,0.0018034265103697023
polyphonic,0.005410279531109108
7250i,0.004508566275924256
26th,0.0009017132551848512
failure,0.0009017132551848512
hear,0.002705139765554554
>>>,0.0009017132551848512
removed,0.0009017132551848512
true,0.004508566275924256
220,0.0036068530207394047
congratulations,0.024346257889990983
responding,0.0009017132551848512
08715500022,0.0009017132551848512
08719899230,0.0018034265103697023
inside,0.0009017132551848512
bids,0.0018034265103697023
maximum,0.0018034265103697023
0_0_3,0.0009017132551848512
mth,0.0018034265103697023
08719180248,0.0018034265103697023
smashed,0.0009017132551848512
dizzee,0.0009017132551848512
151,0.0009017132551848512
09066362206,0.0018034265103697023
153,0.0018034265103697023
49557,0.0009017132551848512
28th,0.0009017132551848512
inclusive,0.007213706041478809
request,0.0009017132551848512
120p,0.0009017132551848512
sticky,0.0018034265103697023
promised,0.0018034265103697023
mrs,0.0009017132551848512
trip,0.0063119927862939585
shit,0.0009017132551848512
norm150p,0.0063119927862939585
80160,0.0009017132551848512
50rcvd,0.0009017132551848512
eerie,0.005410279531109108
09066368753,0.0018034265103697023
alerts,0.0018034265103697023
09065069120,0.0018034265103697023
topped,0.0018034265103697023
reality,0.0018034265103697023
interested,0.0009017132551848512
0089,0.0018034265103697023
digital,0.009918845807033363
08718730555,0.0009017132551848512
picture,0.0009017132551848512
bloked,0.0009017132551848512
07742676969,0.0018034265103697023
083,0.0009017132551848512
football,0.002705139765554554
140ppm,0.0018034265103697023
update,0.02164111812443643
phony,0.0018034265103697023
mre,0.0009017132551848512
oncall,0.0009017132551848512
weekend,0.010820559062218215
died,0.0009017132551848512
09061104276,0.0018034265103697023
250k,0.002705139765554554
faster,0.0009017132551848512
forÂ,0.0018034265103697023
cheaper,0.002705139765554554
toppoly,0.0018034265103697023
daily,0.0036068530207394047
07732584351,0.0009017132551848512
loyal,0.0036068530207394047
81010,0.002705139765554554
time,0.025247971145175834
birds,0.0009017132551848512
3gbp,0.0036068530207394047
6230,0.0009017132551848512
overdue,0.0009017132551848512
100percent,0.0036068530207394047
150ppmsg,0.0009017132551848512
global,0.0018034265103697023
activated,0.004508566275924256
3ss,0.0036068530207394047
08701417012,0.002705139765554554
buddys,0.0018034265103697023
mila,0.002705139765554554
llc,0.0018034265103697023
txt82228,0.0009017132551848512
persolvo,0.0018034265103697023
09066368327,0.0018034265103697023
0871212025016,0.0009017132551848512
row,0.018935978358881875
fixedline,0.002705139765554554
21st,0.0018034265103697023
hurry,0.0009017132551848512
fancies,0.002705139765554554
flash,0.0009017132551848512
m39m51,0.0018034265103697023
charge,0.013525698827772768
comuk,0.007213706041478809
sing,0.0009017132551848512
aspx,0.0009017132551848512
swap,0.0009017132551848512
3aj,0.002705139765554554
jeri,0.0009017132551848512
k718,0.0018034265103697023
tdmobile,0.0009017132551848512
choice,0.004508566275924256
87131,0.0036068530207394047
07808247860,0.0009017132551848512
anonymous,0.0009017132551848512
word,0.03787195671776375
28days,0.002705139765554554
minute,0.010820559062218215
cool,0.0018034265103697023
09094646899,0.0018034265103697023
speciale,0.0009017132551848512
resent,0.0009017132551848512
gnarls,0.0009017132551848512
posts,0.0009017132551848512
brother,0.0018034265103697023
leave,0.0036068530207394047
team,0.005410279531109108
nos,0.0009017132551848512
msgrcvd,0.0009017132551848512
round,0.0018034265103697023
07946746291,0.0009017132551848512
dis,0.002705139765554554
08712400602450p,0.0018034265103697023
prevent,0.002705139765554554
slower,0.0009017132551848512
regret,0.002705139765554554
videochat,0.004508566275924256
porn,0.002705139765554554
08452810075over18,0.0018034265103697023
addamsfa,0.002705139765554554
presleys,0.0018034265103697023
sign,0.004508566275924256
08712402972,0.0009017132551848512
colin,0.0009017132551848512
cost,0.031559963931469794
voucher,0.023444544634806132
5wb,0.0063119927862939585
rentl,0.004508566275924256
clubsaisai,0.0009017132551848512
drinks,0.002705139765554554
headset,0.0009017132551848512
darkest,0.0009017132551848512
barbie,0.0009017132551848512
910,0.0009017132551848512
5free,0.002705139765554554
pobox,0.018034265103697024
tonexs,0.0018034265103697023
current,0.0018034265103697023
526,0.0018034265103697023
starwars3,0.002705139765554554
axel,0.0009017132551848512
w1j6hl,0.012623985572587917
523,0.0018034265103697023
reply,0.11722272317403065
528,0.0018034265103697023
1013,0.0009017132551848512
satisfy,0.002705139765554554
install,0.0009017132551848512
wc1n3xx,0.0036068530207394047
bloke,0.0009017132551848512
pushbutton,0.0009017132551848512
08715203028,0.0018034265103697023
8000930705,0.0018034265103697023
downloaded,0.0018034265103697023
slow,0.0009017132551848512
yards,0.0009017132551848512
address,0.007213706041478809
alone,0.004508566275924256
along,0.0009017132551848512
natalja,0.0018034265103697023
wait,0.0018034265103697023
box,0.04418394950405771
sending,0.002705139765554554
upsized,0.0009017132551848512
bangb,0.0009017132551848512
300603,0.0018034265103697023
trial,0.0009017132551848512
women,0.0009017132551848512
total,0.0009017132551848512
434,0.005410279531109108
09701213186,0.0009017132551848512
dick,0.0009017132551848512
love,0.009017132551848512
lasts,0.0009017132551848512
extra,0.009017132551848512
7cfca1a,0.0009017132551848512
|,,,|,0.0018034265103697023
1st,0.027953110910730387
0871,0.005410279531109108
4jx,0.0018034265103697023
gotbabes,0.0009017132551848512
hotels,0.0036068530207394047
prem,0.0009017132551848512
bulbs,0.002705139765554554
libertines,0.0009017132551848512
visit,0.011722272317403066
sports,0.0009017132551848512
horniest,0.0009017132551848512
live,0.027953110910730387
iphone,0.002705139765554554
https,0.0018034265103697023
aries,0.0009017132551848512
msg,0.06402164111812443
dialling,0.0009017132551848512
today,0.030658250676284943
09064012103,0.0009017132551848512
09065394973,0.0009017132551848512
thing,0.0009017132551848512
club,0.016230838593327322
envelope,0.002705139765554554
35lakh,0.0009017132551848512
ip4,0.008115419296663661
ibh,0.002705139765554554
4mths,0.002705139765554554
valued,0.017132551848512173
8pm,0.0009017132551848512
txt250,0.0018034265103697023
thousands,0.0009017132551848512
quoting,0.008115419296663661
stopsms,0.0018034265103697023
suprman,0.002705139765554554
078498,0.0009017132551848512
9th,0.0018034265103697023
cal,0.0009017132551848512
growing,0.002705139765554554
cab,0.0009017132551848512
arrive,0.007213706041478809
logon,0.0009017132551848512
claim,0.17312894499549145
crazy,0.0036068530207394047
lonlinebmo,0.0009017132551848512
150p16,0.0018034265103697023
stream,0.0009017132551848512
08714714011,0.0018034265103697023
expanding,0.0009017132551848512
chit,0.0009017132551848512
w8in,0.0009017132551848512
heard,0.004508566275924256
450p,0.0009017132551848512
admirer,0.009017132551848512
urawinner,0.009017132551848512
occup,0.0009017132551848512
pink,0.0009017132551848512
inheritance,0.0009017132551848512
secured,0.0009017132551848512
08719899229,0.0009017132551848512
nyt,0.004508566275924256
lounge,0.0009017132551848512
till,0.0036068530207394047
62220cncl,0.0018034265103697023
mquiz,0.0018034265103697023
vodafone,0.009017132551848512
criminal,0.0009017132551848512
145,0.004508566275924256
mat,0.0009017132551848512
141,0.0009017132551848512
may,0.007213706041478809
23f,0.0009017132551848512
23g,0.0009017132551848512
mobileupdate,0.0009017132551848512
cw25wx,0.007213706041478809
membership,0.0036068530207394047
birthday,0.0018034265103697023
unclaimed,0.002705139765554554
date,0.009017132551848512
end,0.011722272317403066
mobypobox734ls27yf,0.0018034265103697023
guys,0.007213706041478809
man,0.0036068530207394047
optout,0.009918845807033363
tenants,0.004508566275924256
80155,0.0009017132551848512
explicit,0.0018034265103697023
inform,0.002705139765554554
switch,0.0009017132551848512
123,0.0036068530207394047
increase,0.0009017132551848512
hol,0.0018034265103697023
ladies,0.002705139765554554
refund,0.0036068530207394047
cute,0.0018034265103697023
approx,0.0018034265103697023
tkts,0.004508566275924256
scammers,0.0009017132551848512
bootydelious,0.0009017132551848512
midnight,0.0009017132551848512
canary,0.0036068530207394047
years,0.007213706041478809
goldviking,0.0009017132551848512
vatian,0.0009017132551848512
still,0.009918845807033363
no1,0.009017132551848512
blocked,0.0018034265103697023
***************,0.0018034265103697023
police,0.0018034265103697023
thank,0.0036068530207394047
addres,0.0009017132551848512
sexiest,0.0009017132551848512
oakley,0.0009017132551848512
offers,0.018034265103697024
mail,0.0009017132551848512
instantly,0.0009017132551848512
0906346330,0.0018034265103697023
lonely,0.0018034265103697023
nok,0.0018034265103697023
matches,0.007213706041478809
n9dx,0.0018034265103697023
applausestore,0.0009017132551848512
356931,0.0009017132551848512
records,0.008115419296663661
subscribers,0.0018034265103697023
ls1,0.002705139765554554
twilight,0.002705139765554554
latests,0.0018034265103697023
term,0.002705139765554554
83435,0.0018034265103697023
name,0.020739404869251576
james,0.0018034265103697023
drop,0.002705139765554554
locked,0.002705139765554554
2kbsubject,0.0009017132551848512
rock,0.0009017132551848512
hoy,0.0009017132551848512
busty,0.0018034265103697023
recpt,0.0009017132551848512
retrieve,0.0018034265103697023
lotto,0.0009017132551848512
receipt,0.005410279531109108
yeah,0.0009017132551848512
unlock,0.0036068530207394047
391784,0.0009017132551848512
year,0.008115419296663661
girl,0.004508566275924256
prepayment,0.0018034265103697023
canada,0.0009017132551848512
living,0.0009017132551848512
space,0.0018034265103697023
blu,0.0018034265103697023
83383,0.002705139765554554
closingdate04,0.0018034265103697023
bancolombia,0.0009017132551848512
investigation,0.0009017132551848512
ymca,0.0009017132551848512
internet,0.002705139765554554
receiving,0.0018034265103697023
correct,0.007213706041478809
shows,0.04147880973850315
08718720201,0.012623985572587917
ppt150x3,0.0018034265103697023
hotmix,0.0018034265103697023
1131,0.0018034265103697023
million,0.0009017132551848512
68866,0.0018034265103697023
org,0.002705139765554554
ord,0.0009017132551848512
accommodation,0.0018034265103697023
card,0.018935978358881875
care,0.010820559062218215
mobilesdirect,0.002705139765554554
arcade,0.002705139765554554
spam,0.0009017132551848512
comunicate,0.0009017132551848512
minapn,0.0018034265103697023
british,0.0036068530207394047
turn,0.0018034265103697023
funky,0.0009017132551848512
place,0.005410279531109108
gordon,0.0009017132551848512
txttowin,0.0036068530207394047
margin,0.0009017132551848512
promotion,0.002705139765554554
think,0.005410279531109108
1001,0.0009017132551848512
first,0.009017132551848512
blind,0.0009017132551848512
1225,0.0018034265103697023
suspend,0.0009017132551848512
box326,0.0036068530207394047
88800,0.0009017132551848512
lf56,0.002705139765554554
potter,0.0018034265103697023
2nights,0.0009017132551848512
one,0.008115419296663661
aetarms,0.0009017132551848512
suspended,0.0018034265103697023
spanish,0.0036068530207394047
vote,0.0009017132551848512
acct,0.0009017132551848512
message,0.03967538322813345
pokemon,0.0009017132551848512
george,0.002705139765554554
89034,0.0009017132551848512
city,0.005410279531109108
little,0.0036068530207394047
txtin,0.0036068530207394047
bookmark,0.0009017132551848512
08701213186,0.0009017132551848512
uks,0.004508566275924256
accordingly,0.0009017132551848512
ukp,0.0018034265103697023
bahamas,0.002705139765554554
indicate,0.0036068530207394047
returns,0.0009017132551848512
types,0.0009017132551848512
friend,0.013525698827772768
fraction,0.0009017132551848512
floppy,0.0009017132551848512
season,0.0009017132551848512
tscs08714740323,0.0018034265103697023
sextextuk,0.0009017132551848512
cornwall,0.0036068530207394047
hut,0.0009017132551848512
cops,0.0009017132551848512
89105,0.0009017132551848512
shock,0.0009017132551848512
eyed,0.0009017132551848512
flowers,0.0009017132551848512
holder,0.009918845807033363
xxuk,0.0009017132551848512
gotto,0.0018034265103697023
weddingfriend,0.0009017132551848512
transferred,0.0018034265103697023
subscrition,0.0009017132551848512
flirtparty,0.0009017132551848512
future,0.0063119927862939585
box61,0.0009017132551848512
cards,0.0009017132551848512
accessed,0.0009017132551848512
stockport,0.008115419296663661
wap,0.008115419296663661
pre,0.0009017132551848512
filthyguys,0.0009017132551848512
missing,0.0009017132551848512
sam,0.005410279531109108
pro,0.0009017132551848512
violet,0.0018034265103697023
locations,0.007213706041478809
sae,0.033363390441839495
say,0.0009017132551848512
mates,0.013525698827772768
b4190604,0.002705139765554554
ans,0.008115419296663661
strt,0.0009017132551848512
sat,0.002705139765554554
offering,0.0009017132551848512
callback,0.004508566275924256
sun0819,0.0009017132551848512
upgrading,0.0009017132551848512
fav,0.0009017132551848512
note,0.0009017132551848512
dining,0.0018034265103697023
algarve,0.002705139765554554
take,0.017132551848512173
xxxxxx,0.0009017132551848512
online,0.009918845807033363
wanting,0.0009017132551848512
channel,0.0009017132551848512
200,0.019837691614066726
begin,0.0009017132551848512
normal,0.002705139765554554
price,0.018034265103697024
paid,0.0018034265103697023
09064019788,0.0018034265103697023
09090900040,0.0009017132551848512
crazyin,0.0009017132551848512
08719899217,0.0009017132551848512
notifications,0.0009017132551848512
tncs,0.009017132551848512
com1win150ppmx3age16subscription,0.0018034265103697023
box42wr29c,0.0018034265103697023
tooth,0.002705139765554554
alfie,0.002705139765554554
professional,0.0018034265103697023
07090298926,0.0009017132551848512
filing,0.0009017132551848512
shop,0.009017132551848512
annoncement,0.0009017132551848512
thesmszone,0.0009017132551848512
shot,0.0009017132551848512
show,0.0036068530207394047
box95qu,0.005410279531109108
5wq,0.0009017132551848512
1er,0.0009017132551848512
cheap,0.004508566275924256
callcost,0.0036068530207394047
09111030116,0.0009017132551848512
09066382422,0.0018034265103697023
07068796424,0.0009017132551848512
hack,0.0009017132551848512
subscriptn3gbp,0.0018034265103697023
superb,0.0009017132551848512
3650,0.0018034265103697023
5we,0.008115419296663661
92h,0.0018034265103697023
colours,0.0009017132551848512
upgrade,0.005410279531109108
office,0.0009017132551848512
title,0.0036068530207394047
bluetoothhdset,0.0009017132551848512
vpod,0.0018034265103697023
thedailydraw,0.0009017132551848512
going,0.004508566275924256
black,0.0018034265103697023
hockey,0.0009017132551848512
westlife,0.0018034265103697023
msgrcvd18,0.0018034265103697023
thirtyeight,0.0009017132551848512
b4u,0.0009017132551848512
get,0.09648331830477908
4882,0.002705139765554554
truly,0.002705139765554554
skilgme,0.007213706041478809
mmsto,0.0009017132551848512
nearly,0.0009017132551848512
invited,0.004508566275924256
awaiting,0.011722272317403066
reveal,0.009017132551848512
regarding,0.0018034265103697023
pobox12n146tf15,0.0009017132551848512
settings,0.002705139765554554
buxcx7gbvwwccodi,0.0009017132551848512
84025,0.0036068530207394047
getstop,0.0036068530207394047
cumin,0.0018034265103697023
tenerife,0.012623985572587917
racal,0.0009017132551848512
09066362220,0.0018034265103697023
tscs087147403231winawk,0.005410279531109108
stop2stop,0.0009017132551848512
amanda,0.0009017132551848512
xmas,0.02254283137962128
concert,0.0018034265103697023
2stoptx,0.0009017132551848512
rm0,0.0009017132551848512
relative,0.0009017132551848512
69200,0.0009017132551848512
sport,0.005410279531109108
conacted,0.0009017132551848512
subsequent,0.0018034265103697023
review,0.007213706041478809
thurs,0.002705139765554554
8883,0.0009017132551848512
gage,0.0018034265103697023
enough,0.0018034265103697023
x29,0.0009017132551848512
landline,0.04508566275924256
availa,0.0009017132551848512
notice,0.005410279531109108
august,0.002705139765554554
babygoodbye,0.0009017132551848512
comp,0.013525698827772768
deliveredtomorrow,0.0036068530207394047
mad2,0.0009017132551848512
dartboard,0.0009017132551848512
come,0.0018034265103697023
coupons,0.0009017132551848512
shortbreaks,0.0009017132551848512
786,0.0036068530207394047
5249,0.0018034265103697023
img,0.0009017132551848512
08712466669,0.0009017132551848512
many,0.005410279531109108
voicemail,0.002705139765554554
7mp,0.0009017132551848512
contract,0.005410279531109108
called,0.0009017132551848512
tour,0.002705139765554554
1956669,0.0036068530207394047
7876150ppm,0.002705139765554554
comes,0.0036068530207394047
among,0.0018034265103697023
83370,0.0018034265103697023
150,0.027953110910730387
09066660100,0.0018034265103697023
por,0.0009017132551848512
poly,0.018034265103697024
call2optout,0.011722272317403066
pole,0.0018034265103697023
3000,0.0018034265103697023
polo,0.0036068530207394047
pod,0.004508566275924256
ideichcfc,0.0009017132551848512
3510i,0.0063119927862939585
unusual,0.004508566275924256
subscribed,0.005410279531109108
50perwksub,0.005410279531109108
barry,0.0018034265103697023
classic,0.0009017132551848512
informed,0.0018034265103697023
wildcardgamelotte,0.0009017132551848512
subscriber,0.0063119927862939585
champneys,0.0009017132551848512
89938,0.0018034265103697023
ldew,0.014427412082957619
500,0.06853020739404869
402,0.0009017132551848512
08712405020,0.007213706041478809
08712405022,0.0036068530207394047
shopping,0.011722272317403066
box334,0.0018034265103697023
upd8,0.0018034265103697023
elvis,0.0018034265103697023
bmo,0.0009017132551848512
agiftcards,0.0009017132551848512
tiger,0.0018034265103697023
300p,0.0018034265103697023
09058097218,0.0009017132551848512
15541,0.0018034265103697023
4xx26,0.0009017132551848512
hardcore,0.0018034265103697023
careful,0.0036068530207394047
paying,0.0018034265103697023
stereophonics,0.0009017132551848512
08714342399,0.0009017132551848512
cash,0.10640216411181244
iscoming,0.0036068530207394047
1450,0.004508566275924256
coca,0.0009017132551848512
mono,0.002705139765554554
07808,0.0009017132551848512
cock,0.0009017132551848512
3uz,0.004508566275924256
50p,0.009017132551848512
abta,0.005410279531109108
wire3,0.0018034265103697023
08715203649,0.0009017132551848512
regalportfolio,0.0018034265103697023
telephone,0.0018034265103697023
subscriptions,0.0009017132551848512
evening,0.0018034265103697023
coljuegos,0.0009017132551848512
rally,0.0018034265103697023
return,0.0009017132551848512
qlynnbv,0.0009017132551848512
pay,0.0009017132551848512
mk17,0.0018034265103697023
check,0.004508566275924256
gravel,0.0009017132551848512
html,0.002705139765554554
300603t,0.0018034265103697023
reminder,0.005410279531109108
08702490080,0.0018034265103697023
cro1327,0.0018034265103697023
8714714,0.0018034265103697023
week,0.062218214607754736
44gbp,0.0009017132551848512
downloads,0.004508566275924256
2025050,0.0009017132551848512
megaresult,0.0009017132551848512
running,0.0018034265103697023
skip,0.0009017132551848512
gsex,0.0009017132551848512
validate,0.002705139765554554
totally,0.0009017132551848512
88888,0.0018034265103697023
09094100151,0.0009017132551848512
natalie2k9,0.0009017132551848512
costa,0.009918845807033363
07008009200,0.0009017132551848512
rec,0.0018034265103697023
yhl,0.0009017132551848512
charges,0.0018034265103697023
08712460324,0.008115419296663661
bailiff,0.0018034265103697023
without,0.0009017132551848512
rayman,0.0009017132551848512
1winaweek,0.004508566275924256
reward,0.013525698827772768
charged,0.015329125338142471
summer,0.009918845807033363
saristar,0.0009017132551848512
phone750,0.0018034265103697023
money,0.004508566275924256
hp20,0.0018034265103697023
88088,0.002705139765554554
6days,0.002705139765554554
6089,0.0009017132551848512
touch,0.0009017132551848512
speed,0.0009017132551848512
weekly,0.033363390441839495
blow,0.0018034265103697023
announcement,0.005410279531109108
renewed,0.0018034265103697023
81151,0.0063119927862939585
310303,0.0018034265103697023
nick,0.0009017132551848512
09050001808,0.002705139765554554
1da,0.0009017132551848512
50ea,0.0018034265103697023
6hl,0.0036068530207394047
lets,0.0009017132551848512
bank,0.007213706041478809
450ppw,0.0018034265103697023
careers,0.0018034265103697023
unsubscribed,0.0009017132551848512
real,0.018034265103697024
proze,0.0018034265103697023
around,0.0018034265103697023
0121,0.0009017132551848512
read,0.0009017132551848512
lnly,0.0009017132551848512
reac,0.0009017132551848512
dark,0.0009017132551848512
bergkamp,0.0009017132551848512
listening,0.0009017132551848512
lccltd,0.002705139765554554
world,0.0018034265103697023
psp,0.0018034265103697023
08718730666,0.0018034265103697023
calls1,0.0018034265103697023
09065069154,0.0018034265103697023
80608,0.0036068530207394047
pounds,0.027051397655545536
03303800282,0.0009017132551848512
quizclub,0.0018034265103697023
6zf,0.0009017132551848512
server,0.0009017132551848512
tsunami,0.0018034265103697023
either,0.016230838593327322
08717890890Â,0.0018034265103697023
08000930705,0.019837691614066726
laugh,0.0009017132551848512
pdate_now,0.0009017132551848512
08717111821,0.0009017132551848512
pobox75ldns7,0.0009017132551848512
09058095201,0.0018034265103697023
tarot,0.0018034265103697023
infogfreeman,0.0009017132551848512
thinks,0.009017132551848512
1000call,0.0018034265103697023
provided,0.002705139765554554
12mths,0.002705139765554554
phoenix,0.0018034265103697023
confirm,0.004508566275924256
freeentry,0.0018034265103697023
callsÂ,0.009017132551848512
moon,0.002705139765554554
recorder,0.0018034265103697023
0871277810710p,0.0018034265103697023
09066362231,0.0036068530207394047
welcome,0.010820559062218215
txting,0.009918845807033363
asap,0.010820559062218215
unkempt,0.0018034265103697023
scallies,0.0009017132551848512
lookatme,0.0009017132551848512
lapdancer,0.0009017132551848512
credits,0.011722272317403066
leadership,0.0009017132551848512
found,0.0018034265103697023
97n7qp,0.0018034265103697023
exciting,0.004508566275924256
0721072,0.0018034265103697023
aeon,0.0009017132551848512
acc,0.0009017132551848512
untamed,0.0018034265103697023
central,0.0018034265103697023
package,0.0009017132551848512
aco,0.002705139765554554
inviting,0.005410279531109108
chrgd,0.0009017132551848512
tariffs,0.0063119927862939585
rathi,0.0009017132551848512
3qxj9,0.005410279531109108
2nite,0.0063119927862939585
nurn,0.0009017132551848512
coupon,0.0009017132551848512
scores,0.0009017132551848512
m95,0.002705139765554554
landlines,0.0018034265103697023
09066350750,0.0036068530207394047
accounts,0.002705139765554554
parties,0.0009017132551848512
operator,0.019837691614066726
uptown,0.0018034265103697023
cgjkk,0.0009017132551848512
09050002311,0.002705139765554554
wamma,0.0018034265103697023
1b6a5ecef91ff9,0.0009017132551848512
tddnewsletter,0.0009017132551848512
4txt,0.0018034265103697023
jamster,0.002705139765554554
chat80155,0.0009017132551848512
forwarded,0.0063119927862939585
hunks,0.0009017132551848512
area,0.009918845807033363
lionm,0.0018034265103697023
hey,0.005410279531109108
strip,0.0009017132551848512
start,0.009017132551848512
lions,0.0018034265103697023
low,0.0009017132551848512
lot,0.0009017132551848512
lionp,0.0018034265103697023
msgrcvdhg,0.0036068530207394047
nk115g,0.0009017132551848512
750,0.025247971145175834
complete,0.002705139765554554
regard,0.0009017132551848512
jul,0.0009017132551848512
lossip,0.0009017132551848512
trying,0.025247971145175834
postcode,0.0036068530207394047
87077,0.005410279531109108
fraud,0.002705139765554554
romantic,0.0018034265103697023
default,0.0009017132551848512
breath,0.0009017132551848512
flirt,0.005410279531109108
dirty,0.0009017132551848512
tones,0.02164111812443643
la32wu,0.0018034265103697023
connect,0.0018034265103697023
08712300220,0.009918845807033363
tdbankmobile,0.0009017132551848512
600,0.0036068530207394047
videos,0.0009017132551848512
wa14,0.0018034265103697023
08715705022,0.0063119927862939585
feliz,0.0009017132551848512
cbn,0.0018034265103697023
costÂ,0.009918845807033363
8077,0.0018034265103697023
89693,0.0018034265103697023
60777,0.0018034265103697023
lifetime,0.0036068530207394047
film,0.0018034265103697023
fill,0.0009017132551848512
incorrect,0.0009017132551848512
maybe,0.0036068530207394047
stdtxtrate,0.0009017132551848512
idiot,0.0009017132551848512
3100,0.0036068530207394047
ringtone,0.030658250676284943
saturday,0.009017132551848512
roses,0.0009017132551848512
valid,0.03967538322813345
sufficient,0.0009017132551848512
85069,0.0018034265103697023
poor,0.0009017132551848512
requested,0.0009017132551848512
60p,0.004508566275924256
refunded,0.0009017132551848512
ansr,0.005410279531109108
trackmarque,0.0009017132551848512
08715203652,0.0009017132551848512
09111032124,0.0009017132551848512
9ift,0.0009017132551848512
mjzgroup,0.0009017132551848512
important,0.014427412082957619
peak,0.002705139765554554
08708034412,0.0018034265103697023
hubby,0.0036068530207394047
820554ad0a1705572711,0.0009017132551848512
natalie,0.0009017132551848512
calls,0.015329125338142471
wife,0.0018034265103697023
subscribe6gbp,0.0018034265103697023
09064017305,0.0009017132551848512
freephone,0.008115419296663661
adam,0.002705139765554554
norcorp,0.0018034265103697023
god,0.0009017132551848512
deluxe,0.0018034265103697023
starting,0.0063119927862939585
strings,0.0018034265103697023
carlie,0.0018034265103697023
88877,0.0018034265103697023
01223585236,0.0009017132551848512
since,0.002705139765554554
forget,0.002705139765554554
sms,0.04418394950405771
beware,0.0009017132551848512
dollar,0.0009017132551848512
month,0.011722272317403066
.....,0.0036068530207394047
mp3,0.009017132551848512
follow,0.005410279531109108
revealed,0.004508566275924256
children,0.002705139765554554
interflora,0.0009017132551848512
xclusive,0.0009017132551848512
09077818151,0.0018034265103697023
k52,0.005410279531109108
sparkling,0.0009017132551848512
removal,0.0018034265103697023
09050000555,0.0018034265103697023
legitimat,0.0018034265103697023
winnersclub,0.0018034265103697023
norm,0.0018034265103697023
08719181259,0.0009017132551848512
sound,0.0009017132551848512
woman,0.0018034265103697023
premium,0.0018034265103697023
song,0.002705139765554554
upgrdcentre,0.0009017132551848512
debit,0.004508566275924256
505060,0.0009017132551848512
simpsons,0.0009017132551848512
minded,0.0018034265103697023
got,0.009017132551848512
sony,0.009918845807033363
ticket,0.0009017132551848512
pt2,0.0018034265103697023
securely,0.0018034265103697023
3mins,0.005410279531109108
tones2you,0.0018034265103697023
joined,0.002705139765554554
large,0.0009017132551848512
sang,0.0018034265103697023
harry,0.0018034265103697023
195,0.0009017132551848512
boltblue,0.0009017132551848512
accommodationvouchers,0.0018034265103697023
stopcs,0.0018034265103697023
ten,0.0018034265103697023
09058094455,0.0018034265103697023
09058094454,0.0018034265103697023
08000938767,0.002705139765554554
08717205546,0.0018034265103697023
burger,0.0009017132551848512
rate,0.03787195671776375
titles,0.0036068530207394047
pass,0.004508566275924256
dial,0.0018034265103697023
sub,0.009918845807033363
cast,0.0009017132551848512
sum,0.0009017132551848512
09058094583,0.0009017132551848512
0207,0.002705139765554554
0750,0.0009017132551848512
appverify,0.0009017132551848512
outgoing,0.0009017132551848512
5000,0.03787195671776375
69101,0.0018034265103697023
9153,0.0009017132551848512
theresa,0.0009017132551848512
answers,0.0009017132551848512
hours,0.008115419296663661
recd,0.0036068530207394047
november,0.0018034265103697023
strong,0.002705139765554554
fantasies,0.005410279531109108
900,0.011722272317403066
85023,0.009918845807033363
increments,0.002705139765554554
sender,0.0018034265103697023
pobox114,0.0009017132551848512
pics,0.011722272317403066
airport,0.0009017132551848512
social,0.0009017132551848512
action,0.0063119927862939585
camcorder,0.019837691614066726
0776xxxxxxx,0.0018034265103697023
via,0.009017132551848512
followed,0.0018034265103697023
vid,0.0009017132551848512
m8s,0.002705139765554554
texts,0.02254283137962128
vip,0.0036068530207394047
savamob,0.011722272317403066
2wu,0.0018034265103697023
trained,0.0009017132551848512
giv,0.0009017132551848512
select,0.0009017132551848512
eye,0.002705139765554554
takes,0.0036068530207394047
bundle,0.0009017132551848512
texting,0.0018034265103697023
finally,0.0018034265103697023
x49,0.0018034265103697023
bcm4284,0.0018034265103697023
320000,0.0009017132551848512
kick,0.002705139765554554
84199,0.005410279531109108
door,0.0009017132551848512
knows,0.0009017132551848512
80878,0.004508566275924256
company,0.0018034265103697023
flag,0.0063119927862939585
197600,0.0018034265103697023
cinema,0.002705139765554554
cr01327bt,0.002705139765554554
karaoke,0.0009017132551848512
glad,0.0009017132551848512
town,0.002705139765554554
include,0.0018034265103697023
ree,0.0009017132551848512
created,0.0009017132551848512
762,0.0009017132551848512
5226,0.0018034265103697023
icmb3cktz8r7,0.0009017132551848512
del,0.013525698827772768
mustprovide,0.0018034265103697023
learn,0.0018034265103697023
male,0.0036068530207394047
2yr,0.002705139765554554
349,0.0009017132551848512
sphosting,0.0018034265103697023
mnth,0.0018034265103697023
compare,0.0018034265103697023
09058094597,0.0018034265103697023
wells_fargo,0.0009017132551848512
division,0.0009017132551848512
83355,0.009017132551848512
50perweeksub,0.0018034265103697023
prods,0.0009017132551848512
share,0.0018034265103697023
efreefone,0.0018034265103697023
numbers,0.013525698827772768
purchased,0.0009017132551848512
partner,0.007213706041478809
r836,0.0018034265103697023
simple,0.0009017132551848512
87066,0.020739404869251576
information,0.018034265103697024
needs,0.0018034265103697023
xxxx,0.002705139765554554
goal,0.0009017132551848512
sipix,0.007213706041478809
csc,0.0009017132551848512
11mths,0.008115419296663661
eh74rr,0.0018034265103697023
cst,0.0009017132551848512
14thmarch,0.0009017132551848512
css,0.0009017132551848512
upto,0.0036068530207394047
tried,0.024346257889990983
rude,0.0036068530207394047
615,0.0009017132551848512
soundtrack,0.0009017132551848512
*****,0.0036068530207394047
44345,0.0009017132551848512
freefone,0.004508566275924256
response,0.0009017132551848512
m60,0.0009017132551848512
087187272008,0.0018034265103697023
ganador,0.0009017132551848512
dot,0.0018034265103697023
register,0.002705139765554554
anytime,0.014427412082957619
2exit,0.0009017132551848512
bbdeluxe,0.0018034265103697023
secs,0.0018034265103697023
09066364589,0.002705139765554554
taxrebate,0.0009017132551848512
???,0.002705139765554554
go2,0.002705139765554554
dream,0.0036068530207394047
natwest,0.0018034265103697023
replied,0.0009017132551848512
1300,0.0009017132551848512
help,0.027953110910730387
soon,0.0036068530207394047
08718723815,0.0009017132551848512
disabled,0.0009017132551848512
held,0.0018034265103697023
replies,0.0018034265103697023
uve,0.0009017132551848512
2crores,0.0009017132551848512
saucy,0.004508566275924256
thnq,0.0009017132551848512
wrc,0.0018034265103697023
processed,0.0009017132551848512
sale,0.0063119927862939585
09050000301,0.0018034265103697023
125gift,0.004508566275924256
late,0.0018034265103697023
box334sk38ch,0.0018034265103697023
detected,0.0018034265103697023
httpiuwww,0.0009017132551848512
bout,0.0009017132551848512
08719181503,0.0009017132551848512
good,0.016230838593327322
somebody,0.0018034265103697023
35p,0.0009017132551848512
rwm,0.0018034265103697023
arsenal,0.0018034265103697023
ldnw15h,0.005410279531109108
instructions,0.0018034265103697023
mystery,0.0018034265103697023
box97n7qp,0.005410279531109108
chevmotorlondon,0.0009017132551848512
m263uz,0.005410279531109108
07801543489,0.0018034265103697023
09061221066,0.004508566275924256
0430,0.0009017132551848512
bestbuy,0.0009017132551848512
09061221061,0.002705139765554554
malone,0.0009017132551848512
01223585334,0.002705139765554554
someone,0.013525698827772768
09099726429,0.0018034265103697023
teletext,0.0009017132551848512
3million,0.0009017132551848512
everyone,0.0018034265103697023
england,0.009017132551848512
house,0.0018034265103697023
energy,0.002705139765554554
hard,0.002705139765554554
eve,0.0063119927862939585
duchess,0.0036068530207394047
maxÂ,0.005410279531109108
+).,0.0018034265103697023
g696ga,0.0018034265103697023
idew,0.002705139765554554
really,0.0009017132551848512
deals,0.0009017132551848512
flower,0.0018034265103697023
4041,0.0009017132551848512
09058098002,0.0009017132551848512
88222,0.0036068530207394047
****,0.0009017132551848512
08715203685,0.0009017132551848512
18yrs,0.002705139765554554
darling,0.0018034265103697023
nasdaq,0.0018034265103697023
asp,0.002705139765554554
passes,0.0009017132551848512
09099726553,0.0018034265103697023
glft,0.0009017132551848512
09056242159,0.0018034265103697023
pub,0.0036068530207394047
mmm,0.0018034265103697023
mml,0.0009017132551848512
base,0.0009017132551848512
3hrs,0.0018034265103697023
members,0.002705139765554554
minmobsmorelkpobox177hp51fl,0.005410279531109108
put,0.0009017132551848512
po19,0.0018034265103697023
ig11,0.0009017132551848512
loads,0.0009017132551848512
planettalkinstant,0.0009017132551848512
improved,0.0018034265103697023
85233,0.0009017132551848512
benefits,0.0018034265103697023
09058094599,0.0018034265103697023
09058094594,0.0009017132551848512
2price,0.0018034265103697023
profit,0.002705139765554554
wither,0.0009017132551848512
69669,0.0018034265103697023
82242,0.0018034265103697023
09061743386,0.0036068530207394047
lucozade,0.0018034265103697023
dont,0.013525698827772768
fromm,0.004508566275924256
number,0.046889089269612265
fancy,0.010820559062218215
valentine,0.0018034265103697023
celeb,0.0036068530207394047
smsservices,0.0018034265103697023
unredeemed,0.0036068530207394047
miss,0.007213706041478809
clubzed,0.0018034265103697023
villa,0.0009017132551848512
moan,0.0009017132551848512
guess,0.0063119927862939585
htto,0.0018034265103697023
sonyericsson,0.004508566275924256
j89,0.0018034265103697023
divorce,0.0009017132551848512
80062,0.008115419296663661
ltdhelpdesk,0.0009017132551848512
station,0.0009017132551848512
statement,0.016230838593327322
nigeria,0.0009017132551848512
barkleys,0.0009017132551848512
mobiles,0.014427412082957619
akan,0.0009017132551848512
80086,0.0036068530207394047
speedchat,0.0009017132551848512
80082,0.005410279531109108
hotel,0.0036068530207394047
park,0.0018034265103697023
part,0.009918845807033363
jordan,0.004508566275924256
087123002209am,0.0018034265103697023
missed,0.0018034265103697023
believe,0.002705139765554554
nl101,0.0009017132551848512
std,0.010820559062218215
king,0.002705139765554554
kindly,0.002705139765554554
861,0.0018034265103697023
double,0.013525698827772768
mcfly,0.0009017132551848512
erotic,0.0009017132551848512
hf8,0.0009017132551848512
18p,0.0018034265103697023
store,0.018034265103697024
str,0.0009017132551848512
listen,0.0018034265103697023
club4mobiles,0.0009017132551848512
outstanding,0.0009017132551848512
urgently,0.002705139765554554
ages,0.0009017132551848512
randomly,0.0036068530207394047
selling,0.0009017132551848512
0825,0.0018034265103697023
28thfeb,0.0009017132551848512
sell,0.0009017132551848512
thought,0.0009017132551848512
nights,0.0018034265103697023
09065989182,0.0018034265103697023
self,0.002705139765554554
scotland,0.0009017132551848512
2stoptxt,0.002705139765554554
acl03530150pm,0.0036068530207394047
minmoremobsemspobox45po139wa,0.0036068530207394047
costs,0.002705139765554554
09090204448,0.0018034265103697023
outlook,0.0009017132551848512
100txt,0.0018034265103697023
npvl308kywg,0.0009017132551848512
play,0.023444544634806132
added,0.002705139765554554
singles,0.005410279531109108
quote,0.0009017132551848512
kl341,0.002705139765554554
chart,0.0018034265103697023
jst,0.0009017132551848512
unsub,0.010820559062218215
09065171142,0.0018034265103697023
approved,0.0009017132551848512
50gbp,0.004508566275924256
doggin,0.0018034265103697023
449071512431,0.0018034265103697023
telediscount,0.0009017132551848512
mobile,0.15689810640216412
10am,0.009918845807033363
exp,0.0009017132551848512
08081263000,0.0009017132551848512
rtf,0.0018034265103697023
golf,0.0009017132551848512
gold,0.0009017132551848512
fone,0.004508566275924256
83039,0.0018034265103697023
89070,0.0009017132551848512
fink,0.0018034265103697023
cds,0.007213706041478809
find,0.033363390441839495
costing,0.0018034265103697023
occupation,0.0009017132551848512
jsco,0.0009017132551848512
alto18,0.0009017132551848512
cr9,0.0063119927862939585
e14,0.0009017132551848512
failed,0.0018034265103697023
flights,0.009918845807033363
tones2u,0.0018034265103697023
claimrefund,0.0009017132551848512
08715203677,0.0009017132551848512
hotmail,0.0009017132551848512
hit,0.0036068530207394047
goes,0.0009017132551848512
mfl,0.0009017132551848512
banned,0.0009017132551848512
08712402578,0.0018034265103697023
hocxxx,0.0009017132551848512
07123456789,0.002705139765554554
7pm,0.009918845807033363
rings,0.0009017132551848512
fastest,0.002705139765554554
3xx,0.0009017132551848512
087016248,0.0009017132551848512
w14rg,0.0009017132551848512
t91,0.0009017132551848512
61610,0.0018034265103697023
09050000332,0.0018034265103697023
0789xxxxxxx,0.0009017132551848512
skillgame,0.004508566275924256
remove,0.0063119927862939585
banking,0.002705139765554554
08002888812,0.002705139765554554
activity,0.0036068530207394047
doubles,0.0009017132551848512
knickers,0.0009017132551848512
picsfree1,0.0009017132551848512
set,0.0018034265103697023
ser,0.0009017132551848512
devils,0.0009017132551848512
naked,0.0009017132551848512
4217,0.0009017132551848512
sex,0.011722272317403066
86021,0.0063119927862939585
see,0.017132551848512173
ibhltd,0.005410279531109108
08701417012150p,0.0018034265103697023
69876,0.0009017132551848512
close,0.005410279531109108
aberdeen,0.0009017132551848512
ls278bb,0.0018034265103697023
mine,0.0009017132551848512
wot,0.0009017132551848512
wow,0.002705139765554554
currently,0.016230838593327322
please,0.09287646528403967
fans,0.0009017132551848512
won,0.12173128944995491
various,0.0018034265103697023
m221bp,0.002705139765554554
wkent,0.0018034265103697023
donate,0.0018034265103697023
conditions,0.005410279531109108
europe,0.0018034265103697023
recently,0.004508566275924256
09071512433,0.0036068530207394047
09071512432,0.0018034265103697023
31p,0.0018034265103697023
mailbox,0.0018034265103697023
08712317606,0.0018034265103697023
2moro,0.0018034265103697023
true18,0.0009017132551848512
48922,0.0009017132551848512
3xÂ,0.0009017132551848512
feeling,0.0018034265103697023
last,0.02254283137962128
mega,0.002705139765554554
wed,0.0009017132551848512
08715203694,0.0009017132551848512
connection,0.0009017132551848512
09066612661,0.005410279531109108
custcare,0.017132551848512173
load,0.0036068530207394047
supply,0.004508566275924256
reasons,0.0009017132551848512
smith,0.0009017132551848512
loan,0.004508566275924256
bx526,0.0018034265103697023
coincidence,0.0009017132551848512
07046744435,0.0009017132551848512
simply,0.002705139765554554
village,0.0009017132551848512
85222,0.0018034265103697023
java,0.004508566275924256
appleld,0.0009017132551848512
meetins,0.0018034265103697023
claimcode,0.0018034265103697023
pobox365o4w45wq,0.0009017132551848512
due,0.012623985572587917
secret,0.009017132551848512
collected,0.0018034265103697023
shortcode,0.0009017132551848512
vat,0.0009017132551848512
flight,0.0018034265103697023
gay,0.0063119927862939585
packs,0.0018034265103697023
else,0.0018034265103697023
fund,0.0018034265103697023
bcm1896wc1n3xx,0.0018034265103697023
representative,0.014427412082957619
suite342,0.017132551848512173
08700469649,0.0018034265103697023
chatter,0.0009017132551848512
funk,0.0018034265103697023
acount,0.0009017132551848512
mtalk,0.002705139765554554
09063440451,0.0018034265103697023
look,0.0036068530207394047
bankofamerica,0.0018034265103697023
27883696,0.0009017132551848512
frozen,0.0036068530207394047
gmw,0.0009017132551848512
straight,0.0018034265103697023
bill,0.004508566275924256
74355,0.0018034265103697023
smart,0.002705139765554554
error,0.0009017132551848512
fun,0.009918845807033363
08717509990,0.0018034265103697023
videosound,0.0009017132551848512
sw7,0.0036068530207394047
styles,0.0009017132551848512
pound,0.009017132551848512
14tcr,0.0009017132551848512
motors,0.0009017132551848512
themob,0.004508566275924256
triple,0.0009017132551848512
ready,0.008115419296663661
ba128nnfwfly150ppm,0.0018034265103697023
help08718728876,0.002705139765554554
com1win150ppmx3age16,0.0063119927862939585
pobox84,0.008115419296663661
872,0.0036068530207394047
free2day,0.002705139765554554
443303800282,0.0009017132551848512
advise,0.004508566275924256
csh11,0.002705139765554554
used,0.0036068530207394047
1000s,0.004508566275924256
bonus,0.031559963931469794
optin,0.0018034265103697023
yesterday,0.004508566275924256
alert,0.007213706041478809
moment,0.0009017132551848512
000,0.04869251577998197
user,0.011722272317403066
bob,0.0018034265103697023
recent,0.004508566275924256
amy,0.0009017132551848512
mobi,0.0009017132551848512
suppliers,0.0009017132551848512
sleepingwith,0.0009017132551848512
person,0.0018034265103697023
moby,0.005410279531109108
services,0.02254283137962128
07815296484,0.0009017132551848512
wicklow,0.002705139765554554
landmark,0.0018034265103697023
entry,0.031559963931469794
09065989180,0.0009017132551848512
prevention,0.002705139765554554
83338,0.0018034265103697023
83332,0.0009017132551848512
breathe1,0.0009017132551848512
ldn,0.009017132551848512
lkpobox177hp51fl,0.0018034265103697023
questions,0.007213706041478809
mob,0.025247971145175834
talk,0.004508566275924256
75max,0.0018034265103697023
08707808226,0.0009017132551848512
cus,0.0009017132551848512
cup,0.0063119927862939585
guaranteed,0.0829576194770063
08715203656,0.0009017132551848512
havin,0.0018034265103697023
snappy,0.0009017132551848512
pobox334,0.008115419296663661
location,0.0009017132551848512
snap,0.0018034265103697023
rm4189,0.0009017132551848512
cum,0.007213706041478809
easter,0.0018034265103697023
prizeawaiting,0.0018034265103697023
bin,0.002705139765554554
...,0.007213706041478809
customers,0.0036068530207394047
australia,0.0018034265103697023
format,0.0018034265103697023
674,0.0018034265103697023
big,0.0036068530207394047
bid,0.0036068530207394047
unlimited,0.013525698827772768
game,0.009918845807033363
biz,0.010820559062218215
gamb,0.0009017132551848512
falcon,0.0009017132551848512
bit,0.002705139765554554
wings,0.0009017132551848512
6months,0.0018034265103697023
matrix3,0.002705139765554554
knock,0.0018034265103697023
sk3,0.004508566275924256
follows,0.0018034265103697023
dikuatkuasakan,0.0009017132551848512
ignore,0.0018034265103697023
collect,0.0369702434625789
tscs,0.004508566275924256
marcys,0.0009017132551848512
08700435505150p,0.0018034265103697023
lastest,0.0009017132551848512
30s,0.0018034265103697023
back,0.025247971145175834
urgent,0.10820559062218214
40533,0.0018034265103697023
0870,0.008115419296663661
newsletter,0.0018034265103697023
delivered,0.004508566275924256
box39822,0.005410279531109108
per,0.05410279531109107
09065174042,0.0018034265103697023
09061790121,0.004508566275924256
09061790125,0.0018034265103697023
1250,0.0036068530207394047
09061701461,0.002705139765554554
dating,0.016230838593327322
blackberry,0.0009017132551848512
foley,0.002705139765554554
09050000928,0.0009017132551848512
300,0.005410279531109108
reach,0.009017132551848512
lose,0.0018034265103697023
commbank,0.0009017132551848512
refused,0.004508566275924256
08718726970,0.0018034265103697023
08718726971,0.0018034265103697023
69866,0.002705139765554554
verifications,0.0009017132551848512
santa,0.002705139765554554
k61,0.0018034265103697023
08718726978,0.0018034265103697023
abroad,0.0009017132551848512
pobox36504w45wq,0.0063119927862939585
09066358361,0.0018034265103697023
box245c2150pm,0.0018034265103697023
89080,0.002705139765554554
220cm2,0.0018034265103697023
page,0.0009017132551848512
wellsfargoservice,0.0009017132551848512
messaging,0.0018034265103697023
complimentary,0.019837691614066726
wanna,0.011722272317403066
block,0.0036068530207394047
intl,0.002705139765554554
within,0.009017132551848512
nothing,0.005410279531109108
steven,0.0009017132551848512
08714712379,0.0018034265103697023
renewal,0.0018034265103697023
question,0.009918845807033363
fast,0.0009017132551848512
69911,0.0018034265103697023
152vofp,0.0009017132551848512
09061701939,0.0018034265103697023
bored,0.0036068530207394047
08718738034,0.0009017132551848512
registered,0.0063119927862939585
noworriesloans,0.0009017132551848512
pobox45w2tg150p,0.0018034265103697023
087147123779am,0.0018034265103697023
boys,0.0018034265103697023
properly,0.0009017132551848512
link,0.017132551848512173
competition,0.004508566275924256
inclu,0.0018034265103697023
line,0.047790802524797116
info,0.015329125338142471
redeemed,0.011722272317403066
utk,0.0009017132551848512
frnd,0.005410279531109108
caller,0.02164111812443643
....,0.0018034265103697023
08448714184,0.0018034265103697023
077xxx,0.0018034265103697023
09041940223,0.0018034265103697023
ordered,0.002705139765554554
09053750005,0.0018034265103697023
09061104283,0.0018034265103697023
mobsi,0.0009017132551848512
monthlysubscription,0.0009017132551848512
ee8f,0.0009017132551848512
single,0.0018034265103697023
warning,0.0009017132551848512
chat,0.0405770964833183
07808726822,0.0018034265103697023
canname,0.0018034265103697023
nab,0.0036068530207394047
058341016,0.0009017132551848512
fones,0.0009017132551848512
2find,0.002705139765554554
fredericknyama,0.0009017132551848512
nas,0.0009017132551848512
200p,0.0009017132551848512
definitely,0.0018034265103697023
nat,0.002705139765554554
income,0.0009017132551848512
department,0.002705139765554554
08707509020,0.005410279531109108
draw,0.06582506762849413
httpiu,0.0009017132551848512
romcapspam,0.0009017132551848512
real1,0.0009017132551848512
tms,0.0018034265103697023
08715205273,0.0009017132551848512
kors,0.0009017132551848512
land,0.028854824165915238
dvd,0.009017132551848512
age,0.008115419296663661
required,0.0009017132551848512
svc,0.0009017132551848512
gr8,0.008115419296663661
2003,0.012623985572587917
2000,0.04147880973850315
2006,0.0018034265103697023
came,0.0009017132551848512
2004,0.009017132551848512
2005,0.002705139765554554
petticoatdreams,0.0009017132551848512
hello,0.0036068530207394047
62735,0.0018034265103697023
code,0.0405770964833183
08719181513,0.0018034265103697023
l8er,0.0018034265103697023
results,0.002705139765554554
447801259231,0.0018034265103697023
existing,0.0009017132551848512
kath,0.0018034265103697023
448712404000,0.0018034265103697023
gossip,0.0009017132551848512
bvn,0.004508566275924256
issues,0.0018034265103697023
byrn,0.0009017132551848512
tkls,0.0018034265103697023
send,0.09287646528403967
chaps,0.0009017132551848512
soiree,0.0009017132551848512
suite,0.0036068530207394047
msg150p,0.0018034265103697023
charity,0.0036068530207394047
friendly,0.0009017132551848512
sent,0.011722272317403066
masked,0.0009017132551848512
attempts,0.0009017132551848512
advisors,0.0009017132551848512
08712402902,0.0018034265103697023
garden,0.002705139765554554
logos,0.0018034265103697023
ugg,0.0009017132551848512
08701237397,0.0009017132551848512
3mobile,0.0018034265103697023
wave,0.0009017132551848512
royalbank,0.0009017132551848512
nichols,0.0009017132551848512
spook,0.002705139765554554
continued,0.0018034265103697023
arrange,0.002705139765554554
864233,0.0018034265103697023
09066361921,0.0018034265103697023
gender,0.0018034265103697023
gettin,0.002705139765554554
michael,0.0009017132551848512
linerental,0.0063119927862939585
08000839402,0.014427412082957619
try,0.008115419296663661
kit,0.0009017132551848512
getzed,0.010820559062218215
refer,0.0009017132551848512
08065635084,0.0009017132551848512
goodies,0.0009017132551848512
oja,0.0009017132551848512
uggsbootsonline,0.0009017132551848512
video,0.0351668169522092
picked,0.007213706041478809
download,0.0036068530207394047
deltomorrow,0.0018034265103697023
150ppmpobox10183bhamb64xe,0.0018034265103697023
click,0.009918845807033363
index,0.002705139765554554
0871750,0.0018034265103697023
directive,0.0009017132551848512
giving,0.0018034265103697023
7634,0.0018034265103697023
networks,0.004508566275924256
access,0.007213706041478809
waiting,0.02164111812443643
1stchoice,0.0009017132551848512
fwtbqk,0.0009017132551848512
capital,0.0018034265103697023
smsrewards,0.0009017132551848512
07821230901,0.0018034265103697023
09064017295,0.0018034265103697023
cam,0.0018034265103697023
440,0.0018034265103697023
09058099801,0.002705139765554554
itrackdevices,0.0009017132551848512
let,0.004508566275924256
sexy,0.014427412082957619
customercare,0.0009017132551848512
extreme,0.0009017132551848512
great,0.013525698827772768
gr8prizes,0.0018034265103697023
receive,0.04418394950405771
dates,0.0018034265103697023
gent,0.002705139765554554
4433m09231,0.0009017132551848512
09058095107,0.0009017132551848512
survey,0.0009017132551848512
0871277810910p,0.0018034265103697023
popcorn,0.0009017132551848512
get514,0.0009017132551848512
thats,0.0009017132551848512
claro,0.0009017132551848512
wid,0.004508566275924256
apple,0.010820559062218215
heart,0.0036068530207394047
win,0.08746618575293057
app,0.007213706041478809
private,0.018034265103697024
wiv,0.0036068530207394047
names,0.002705139765554554
txtstop,0.0018034265103697023
apply,0.03606853020739405
69855,0.0009017132551848512
cha,0.0009017132551848512
use,0.011722272317403066
feb,0.0009017132551848512
usa,0.002705139765554554
chg,0.0009017132551848512
frog,0.0018034265103697023
next,0.02254283137962128
camera,0.031559963931469794
txtx,0.0018034265103697023
december,0.004508566275924256
waprxstop,0.0009017132551848512
okmail,0.0018034265103697023
txts,0.011722272317403066
sort,0.0018034265103697023
babe,0.007213706041478809
shagged,0.002705139765554554
halloween,0.002705139765554554
kiosk,0.0009017132551848512
name2,0.002705139765554554
prizes,0.002705139765554554
name1,0.002705139765554554
baby,0.0018034265103697023
billed,0.002705139765554554
potential,0.0009017132551848512
subscription,0.0063119927862939585
customer,0.0721370604147881
account,0.033363390441839495
0808,0.004508566275924256
britney,0.0018034265103697023
88066,0.002705139765554554
86888,0.0018034265103697023
challenge,0.0018034265103697023
0800,0.015329125338142471
09050000460,0.0018034265103697023
prompts,0.0036068530207394047
wildest,0.0009017132551848512
0578,0.0018034265103697023
meet,0.008115419296663661
didnt,0.0009017132551848512
toclaim,0.008115419296663661
txtstar,0.0009017132551848512
tap,0.0063119927862939585
process,0.0018034265103697023
tax,0.0018034265103697023
high,0.004508566275924256
simonwatson5120,0.0009017132551848512
stoptxtstopÂ,0.0018034265103697023
textand,0.0018034265103697023
sptv,0.0009017132551848512
doubletxt,0.0009017132551848512
stop2,0.0009017132551848512
videosounds,0.0009017132551848512
summers,0.0018034265103697023
united,0.0009017132551848512
customersqueries,0.0009017132551848512
chevrolet,0.0009017132551848512
six,0.004508566275924256
gcl,0.0009017132551848512
tom,0.0009017132551848512
sic,0.0009017132551848512
82277,0.010820559062218215
100p,0.0009017132551848512
sim,0.0018034265103697023
sir,0.0018034265103697023
09058094565,0.002705139765554554
box177,0.002705139765554554
mobno,0.002705139765554554
await,0.029756537421100092
netvision,0.0009017132551848512
stopbcm,0.0009017132551848512
collection,0.0387736699729486
09057039994,0.0009017132551848512
voure,0.0009017132551848512
sainsburys,0.0009017132551848512
rcvd,0.009918845807033363
07753741225,0.0009017132551848512
4msgs,0.0009017132551848512
chasing,0.0018034265103697023
946,0.0009017132551848512
helpline,0.0036068530207394047
lines,0.0036068530207394047
9am,0.004508566275924256
claire,0.0018034265103697023
allow,0.0009017132551848512
rghst,0.0018034265103697023
9ae,0.005410279531109108
6031,0.002705139765554554
looking,0.009017132551848512
81303,0.0036068530207394047
09061702893,0.0036068530207394047
146tf150p,0.0009017132551848512
45239,0.002705139765554554
stamped,0.002705139765554554
85555,0.0018034265103697023
***********,0.0036068530207394047
visionsms,0.0018034265103697023
cruise,0.002705139765554554
139,0.0018034265103697023
horny,0.007213706041478809
freemsg,0.017132551848512173
perfect,0.0009017132551848512
otbox,0.0018034265103697023
netun,0.0009017132551848512
chosen,0.004508566275924256
8027,0.0009017132551848512
tyrone,0.005410279531109108
08000776320,0.002705139765554554
willing,0.0009017132551848512
choose,0.011722272317403066
orange,0.027953110910730387
hmmross,0.0009017132551848512
holiday,0.05049594229035167
pending,0.0009017132551848512
2012,0.0009017132551848512
outbid,0.0009017132551848512
cust,0.005410279531109108
monoc,0.0009017132551848512
w1t1jy,0.0018034265103697023
nokia,0.059513074842200184
auth,0.0018034265103697023
dat,0.0009017132551848512
021,0.0018034265103697023
4qf2,0.0009017132551848512
stewartsize,0.0009017132551848512
day,0.026149684400360685
2ez,0.0018034265103697023
ecstacy,0.0009017132551848512
7250,0.0018034265103697023
or2optout,0.0009017132551848512
box1146,0.0009017132551848512
identified,0.0036068530207394047
://,0.05410279531109107
dbuk,0.002705139765554554
trav,0.002705139765554554
trap,0.0009017132551848512
entry41,0.002705139765554554
wining,0.0009017132551848512
36504,0.007213706041478809
identifier,0.015329125338142471
warner,0.0009017132551848512
activate,0.012623985572587917
alertfrom,0.0009017132551848512
artists,0.0009017132551848512
bluetooth,0.009017132551848512
croydon,0.0063119927862939585
3lions,0.0009017132551848512
8ball,0.0018034265103697023
sexual,0.0018034265103697023
50pmmorefrommobile2bremoved,0.0018034265103697023
special,0.019837691614066726
secretly,0.0018034265103697023
83222,0.002705139765554554
rply,0.005410279531109108
87021,0.002705139765554554
b4utele,0.0009017132551848512
vco,0.0009017132551848512
strokes,0.0009017132551848512
8800,0.0018034265103697023
12hours,0.0018034265103697023
ref,0.007213706041478809
aom,0.0009017132551848512
red,0.002705139765554554
09099725823,0.0018034265103697023
087018728737,0.0018034265103697023
wallpaper,0.0036068530207394047
ipod,0.018034265103697024
completely,0.0018034265103697023
w1j,0.0036068530207394047
08717168528,0.0009017132551848512
w1a,0.0009017132551848512
log,0.014427412082957619
09094646631,0.0009017132551848512
could,0.009017132551848512
pianostudio,0.0009017132551848512
keep,0.007213706041478809
abuse,0.0009017132551848512
wrote,0.0009017132551848512
ltd,0.017132551848512173
musicnews,0.0009017132551848512
nokia6650,0.0036068530207394047
finest,0.0009017132551848512
450,0.002705139765554554
poboxox36504w45wq,0.0009017132551848512
08134660109,0.0009017132551848512
4utxt,0.0009017132551848512
09061790126,0.0018034265103697023
318,0.0009017132551848512
69888nyt,0.0009017132551848512
landlineonly,0.0018034265103697023
quality,0.0018034265103697023
heroes,0.0009017132551848512
prescripiton,0.0009017132551848512
09050001295,0.0018034265103697023
privacy,0.0009017132551848512
bears,0.0018034265103697023
data,0.0018034265103697023
system,0.002705139765554554
mtmsg,0.0036068530207394047
backdoor,0.0009017132551848512
1500,0.004508566275924256
yourinclusive,0.0018034265103697023
09061701444,0.0018034265103697023
final,0.02254283137962128
008704050406,0.0036068530207394047
2end,0.002705139765554554
mad1,0.0009017132551848512
box139,0.0018034265103697023
cashbin,0.0018034265103697023
rcd,0.0009017132551848512
orno,0.0018034265103697023
regards,0.0018034265103697023
unsubscribe,0.02254283137962128
box420,0.0018034265103697023
july,0.0018034265103697023
gsoh,0.0009017132551848512
150ppm,0.05500450856627592
2814032,0.0009017132551848512
someonone,0.0009017132551848512
ben,0.0018034265103697023
jocks,0.0009017132551848512
anyithing,0.0009017132551848512
beg,0.0009017132551848512
150p,0.08385933273219116
sed,0.0018034265103697023
iapple,0.0009017132551848512
lover,0.002705139765554554
09050000878,0.0009017132551848512
clip,0.0009017132551848512
150pm,0.005410279531109108
02073162414,0.0018034265103697023
tonight,0.0018034265103697023
08002986906,0.0036068530207394047
hava,0.0018034265103697023
need,0.011722272317403066
ibiza,0.0063119927862939585
afraid,0.0009017132551848512
07xxxxxxxxx,0.004508566275924256
min,0.04147880973850315
mid,0.002705139765554554
mix,0.002705139765554554
326,0.0036068530207394047
82468,0.0018034265103697023
babes,0.0018034265103697023
37819,0.0009017132551848512
trivia,0.0018034265103697023
lily,0.0018034265103697023
brand,0.0036068530207394047
30nov,0.0009017132551848512
gamestar,0.002705139765554554
stopcost,0.0009017132551848512
expires,0.016230838593327322
jorge,0.0009017132551848512
santacalling,0.0018034265103697023
rodds1,0.0009017132551848512
08718738001,0.0018034265103697023
courtesy,0.0009017132551848512
visa,0.0009017132551848512
connected,0.0009017132551848512
device,0.002705139765554554
42478,0.0009017132551848512
expired,0.0009017132551848512
payment,0.002705139765554554
smartcall,0.0018034265103697023
bx420,0.0063119927862939585
08718738002,0.0009017132551848512
frederick,0.0009017132551848512
4719,0.0018034265103697023
wkend,0.0009017132551848512
replys150,0.0009017132551848512
07973788240,0.0009017132551848512
movie,0.0018034265103697023
crore,0.0009017132551848512
dena,0.0018034265103697023
09066649731from,0.0009017132551848512
fact,0.0009017132551848512
goals,0.0018034265103697023
07099833605,0.0009017132551848512
9yt,0.0009017132551848512
selection,0.005410279531109108
bbnetherlands,0.0009017132551848512
chances,0.002705139765554554
text,0.13796212804328223
fgkslpopw,0.0009017132551848512
manchester,0.0018034265103697023
30pp,0.002705139765554554
bedroom,0.0009017132551848512
dorothy,0.0009017132551848512
chgs,0.0009017132551848512
filthy,0.0018034265103697023
pleased,0.004508566275924256
nphtmtb,0.0009017132551848512
unbreakable,0.0018034265103697023
redirect,0.0009017132551848512
partners,0.0009017132551848512
pause,0.0009017132551848512
nr31,0.0009017132551848512
monos,0.0009017132551848512
housewives,0.0018034265103697023
winner,0.027953110910730387
credited,0.0018034265103697023
hmv1,0.0018034265103697023
resubmit,0.0009017132551848512
local,0.0063119927862939585
hope,0.005410279531109108
jackpot,0.002705139765554554
990,0.0009017132551848512
87239,0.005410279531109108
nikiyu4,0.0009017132551848512
cibcfullz,0.0009017132551848512
tbs,0.0018034265103697023
flirting,0.0009017132551848512
qjkgighjjgcbl,0.0018034265103697023
lucky,0.011722272317403066
mgs,0.0009017132551848512
121,0.002705139765554554
community,0.0018034265103697023
ones,0.0036068530207394047
stars,0.0009017132551848512
125,0.0018034265103697023
kiefer,0.0009017132551848512
borin,0.0018034265103697023
09096102316,0.0018034265103697023
87070,0.0009017132551848512
following,0.008115419296663661
dps,0.0009017132551848512
sounds,0.0009017132551848512
unauthorized,0.0018034265103697023
shy,0.0009017132551848512
married,0.002705139765554554
taxes,0.0009017132551848512
calling,0.007213706041478809
cdgt,0.0018034265103697023
09061743806,0.0036068530207394047
stuff,0.0009017132551848512
gram,0.0009017132551848512
gbp,0.005410279531109108
queries,0.0009017132551848512
09066380611,0.0036068530207394047
grab,0.0009017132551848512
fixed,0.0018034265103697023
24hrs,0.0018034265103697023
view,0.0009017132551848512
available,0.002705139765554554
feelin,0.0009017132551848512
noline,0.004508566275924256
national,0.029756537421100092
pocketbabe,0.0036068530207394047
banneduk,0.0009017132551848512
computer,0.009017132551848512
prizeswith,0.0009017132551848512
vouch4me,0.0018034265103697023
xxxxx,0.0009017132551848512
gmail,0.004508566275924256
luv,0.007213706041478809
lux,0.0036068530207394047
gbp1,0.0018034265103697023
complementary,0.0018034265103697023
gbp5,0.0009017132551848512
gbp4,0.0009017132551848512
2667,0.0009017132551848512
6669,0.0009017132551848512
correctly,0.0009017132551848512
cola,0.0009017132551848512
email,0.009017132551848512
bought,0.0009017132551848512
ken,0.0009017132551848512
ends,0.0036068530207394047
explosive,0.0018034265103697023
2px,0.0018034265103697023
dogging,0.009918845807033363
zouk,0.0009017132551848512
trueÂ,0.0009017132551848512
key,0.0009017132551848512
09063442151,0.0018034265103697023
comcoupons,0.0009017132551848512
lawsuit,0.0009017132551848512
050703,0.0036068530207394047
smsco,0.0036068530207394047
restrictions,0.0018034265103697023
tlp,0.004508566275924256
instant,0.0018034265103697023
career,0.0009017132551848512
taking,0.0009017132551848512
etc,0.008115419296663661
randy,0.0018034265103697023
400mins,0.0009017132551848512
agent,0.0009017132551848512
mobileupd8,0.016230838593327322
jersey,0.0009017132551848512
otherwise,0.0009017132551848512
578,0.0009017132551848512
toilet,0.0009017132551848512
walk,0.0009017132551848512
subscribe,0.0018034265103697023
09058097189,0.0009017132551848512
maximize,0.012623985572587917
rpl,0.0009017132551848512
vipclub4u,0.0009017132551848512
orig,0.0018034265103697023
83110,0.0009017132551848512
sara,0.0009017132551848512
bbc,0.0018034265103697023
charts,0.0018034265103697023
quiz,0.02254283137962128
731,0.0018034265103697023
08712402050,0.0036068530207394047
hottest,0.0009017132551848512
ofÂ,0.002705139765554554
liverpool,0.0036068530207394047
hmv,0.005410279531109108
sales,0.0009017132551848512
2015,0.0009017132551848512
ice,0.0009017132551848512
rg21,0.0018034265103697023
graphics,0.0018034265103697023
mths,0.004508566275924256
w45wq,0.0063119927862939585
textbuddy,0.0018034265103697023
447797706009,0.0018034265103697023
2016,0.004508566275924256
couple,0.0009017132551848512
doublemins,0.0009017132551848512
bangbabes,0.0009017132551848512
tsandcs,0.002705139765554554
wild,0.0009017132551848512
2007,0.0018034265103697023
rbc,0.0018034265103697023
09099726395,0.0018034265103697023
dontcha,0.0009017132551848512
noticed,0.002705139765554554
valid12hrs,0.004508566275924256
cashto,0.0036068530207394047
thuv,0.0009017132551848512
08081560665,0.002705139765554554
2stop,0.0018034265103697023
box385,0.0018034265103697023
claimed,0.0009017132551848512
ave,0.0036068530207394047
wks,0.0018034265103697023
happy,0.0009017132551848512
pis,0.0009017132551848512
09066358152,0.0036068530207394047
1x150p,0.008115419296663661
cross,0.002705139765554554
member,0.009017132551848512
matthew,0.0018034265103697023
largest,0.005410279531109108
0870141701216,0.0009017132551848512
pobox12n146tf150p,0.0009017132551848512
http,0.05139765554553652
lookin,0.0018034265103697023
09050280520,0.0009017132551848512
suzy,0.0009017132551848512
promo,0.004508566275924256
oranges,0.0018034265103697023
spree,0.010820559062218215
php,0.0036068530207394047
requests,0.0009017132551848512
transaction,0.0018034265103697023
center,0.0018034265103697023
polys,0.009017132551848512
supportonapple,0.0009017132551848512
colour,0.019837691614066726
incredible,0.0018034265103697023
well,0.0063119927862939585
asked,0.0063119927862939585
wants,0.0009017132551848512
polyh,0.0018034265103697023
82324,0.0018034265103697023
redeemable,0.0009017132551848512
350,0.017132551848512173
polyc,0.0009017132551848512
breaker,0.0018034265103697023
latest,0.03787195671776375
shracomorsglsuplt,0.002705139765554554
newest,0.002705139765554554
09050005321,0.0018034265103697023
half,0.013525698827772768
tcr,0.005410279531109108
tcs,0.0063119927862939585
detail,0.0009017132551848512
rgds,0.0009017132551848512
j5q,0.0009017132551848512
rooms,0.0009017132551848512
nokias,0.002705139765554554
web,0.0018034265103697023
console,0.0018034265103697023
ads,0.002705139765554554
adp,0.0009017132551848512
panther,0.0009017132551848512
webeburnin,0.0009017132551848512
sky,0.002705139765554554
txtauction,0.009017132551848512
realize,0.0009017132551848512
arrest,0.0009017132551848512
add,0.0009017132551848512
wet,0.0018034265103697023
280,0.0009017132551848512
matched,0.0018034265103697023
warrant,0.0009017132551848512
match,0.009017132551848512
09058094507,0.0018034265103697023
08700621170150p,0.0018034265103697023
government,0.0009017132551848512
d507456040308,0.0009017132551848512
09064018838,0.0018034265103697023
five,0.0036068530207394047
know,0.02254283137962128
granite,0.0018034265103697023
press,0.002705139765554554
immediately,0.009017132551848512
password,0.004508566275924256
1st4terms,0.0018034265103697023
loss,0.0018034265103697023
motorola,0.011722272317403066
like,0.015329125338142471
lost,0.0036068530207394047
11pm,0.004508566275924256
08719839835,0.0009017132551848512
42049,0.0009017132551848512
10rbha,0.0009017132551848512
09064019014,0.002705139765554554
become,0.0009017132551848512
08452810073,0.002705139765554554
08452810071,0.0018034265103697023
accessible,0.0018034265103697023
08706091795,0.0036068530207394047
worlds,0.0009017132551848512
114,0.005410279531109108
08450542832,0.0018034265103697023
repeat,0.0009017132551848512
gaytextbuddy,0.0018034265103697023
113,0.002705139765554554
09064011000,0.002705139765554554
home,0.0018034265103697023
44330800231,0.0009017132551848512
suspension,0.005410279531109108
250,0.031559963931469794
htcdlas,0.0009017132551848512
poly3,0.0009017132551848512
avoid,0.005410279531109108
9307622,0.0009017132551848512
slide,0.0009017132551848512
lingerie,0.0009017132551848512
passion,0.0018034265103697023
09061743811,0.0018034265103697023
rstm,0.0036068530207394047
symbol,0.0018034265103697023
ripped,0.0018034265103697023
sppok,0.0009017132551848512
128gb,0.0009017132551848512
schedule,0.0018034265103697023
neo69,0.0009017132551848512
expiry,0.0009017132551848512
nat27081980,0.0018034265103697023
expire,0.002705139765554554
08002986030,0.0018034265103697023
filth,0.0009017132551848512
09066368470,0.0018034265103697023
loans,0.0009017132551848512
skins,0.0009017132551848512
09071517866,0.0018034265103697023
gained,0.0009017132551848512
getting,0.0036068530207394047
httpli,0.0009017132551848512
s3xy,0.0009017132551848512
monthly,0.002705139765554554
seeds,0.002705139765554554
08001950382,0.004508566275924256
warranty,0.002705139765554554
previously,0.0036068530207394047
help08700621170150p,0.0009017132551848512
08704439680ts,0.0018034265103697023
emc1,0.0009017132551848512
call09050000327,0.0036068530207394047
female,0.0009017132551848512
registration,0.002705139765554554
08712103738,0.0018034265103697023
theresamarie,0.0009017132551848512
janinexx,0.0018034265103697023
additional,0.0009017132551848512
chatlines,0.0018034265103697023
rct,0.0009017132551848512
transfer,0.0009017132551848512
rcv,0.0018034265103697023
apps,0.0009017132551848512
118p,0.0009017132551848512
awarded,0.061316501352569885
rcn,0.0009017132551848512
busmh,0.0009017132551848512
08712101358,0.002705139765554554
flyng,0.0009017132551848512
biggest,0.0036068530207394047
yrs,0.0036068530207394047
3pound,0.0009017132551848512
cancel,0.0063119927862939585
09066364349,0.0018034265103697023
buy,0.005410279531109108
rodger,0.0009017132551848512
chatting,0.0018034265103697023
86688,0.023444544634806132
notxt,0.002705139765554554
delivery,0.02164111812443643
bubbletext,0.0018034265103697023
highest,0.0018034265103697023
6682,0.0009017132551848512
also,0.002705139765554554
made,0.002705139765554554
wish,0.0018034265103697023
official,0.008115419296663661
pobox202,0.0009017132551848512
stories,0.0009017132551848512
minutes,0.0063119927862939585
shamsudin,0.0009017132551848512
9061100010,0.0018034265103697023
zebra,0.0009017132551848512
hvae,0.0018034265103697023
website,0.0009017132551848512
cmon,0.0018034265103697023
replying,0.009017132551848512
pin,0.0018034265103697023
handset,0.008115419296663661
pic,0.009918845807033363
buffy,0.0009017132551848512
83118,0.0009017132551848512
mobstorequiz10ppm,0.0009017132551848512
pix,0.005410279531109108
box434sk38wp150ppm18,0.0018034265103697023
rgent,0.0009017132551848512
nookii,0.0009017132551848512
1yf,0.0018034265103697023
inc,0.011722272317403066
Âº1,0.0009017132551848512
contest,0.0009017132551848512
marley,0.0009017132551848512
0870241182716,0.002705139765554554
age23,0.002705139765554554
fgkslpo,0.0009017132551848512
book,0.007213706041478809
guarantee,0.0009017132551848512
details,0.015329125338142471
mnths,0.002705139765554554
box403,0.0018034265103697023
xxx,0.010820559062218215
star,0.002705139765554554
09050090044,0.008115419296663661
sw73ss,0.0036068530207394047
june,0.0009017132551848512
outlets,0.0018034265103697023
in2,0.0018034265103697023
stay,0.004508566275924256
8552,0.002705139765554554
chance,0.0351668169522092
renewing,0.0009017132551848512
kinda,0.0009017132551848512
8007,0.016230838593327322
friends,0.004508566275924256
ghost,0.002705139765554554
bcm,0.0009017132551848512
itcould,0.0018034265103697023
using,0.0018034265103697023
samsung,0.0009017132551848512
experiencehttp,0.0018034265103697023
phb1,0.0018034265103697023
felicitan,0.0009017132551848512
original,0.0036068530207394047
09061213237,0.002705139765554554
